n_informative,repeat,split,target_mean,target_variance,feature_0_mean,feature_0_variance,feature_0_target_covariance,feature_1_mean,feature_1_variance,feature_1_target_covariance,feature_2_mean,feature_2_variance,feature_2_target_covariance,feature_3_mean,feature_3_variance,feature_3_target_covariance
1,0,train,-0.003759035620699791,0.999140148263119,1.7737212587576323e-08,1.0000000098020307,0.7012549568280603,,,,,,,,,
1,0,validation,0.006517949792097966,0.9905018464946491,0.020563592031276556,1.0007914027393072,0.6990595459802378,,,,,,,,,
1,0,test,0.007592841479647561,0.9912628791502511,0.01102559022841354,1.0027083692222685,0.7037561546469322,,,,,,,,,
1,1,train,0.0030134111257722473,0.9898920557838049,-4.7966248750697105e-09,1.0000000524181107,0.7023551057591555,,,,,,,,,
1,1,validation,-0.018141773909279735,0.9921741365265144,-0.0065378495714332185,1.025824801402284,0.7226085816262557,,,,,,,,,
1,1,test,-0.006079462253535173,0.9995222950213885,0.01046788725868808,1.012052723640592,0.7144897069069455,,,,,,,,,
1,2,train,0.007051210698362065,1.0061287434061155,3.573188189776033e-09,0.9999999566718611,0.7156101037856658,,,,,,,,,
1,2,validation,-0.01718613942850311,0.9944276795664293,-0.00621486483364464,0.9789323334566106,0.6931410101864661,,,,,,,,,
1,2,test,0.0029084116114539427,1.0095836096032331,0.003254592110891963,0.9790156670670442,0.6978717925264502,,,,,,,,,
1,3,train,-0.008704667179847414,0.9980322164701737,-4.2234216124370505e-09,0.9999999988763184,0.7064546655547381,,,,,,,,,
1,3,validation,0.0015140755449589705,1.0013066765762093,0.01495490066797256,0.9954038482219232,0.7013975685883305,,,,,,,,,
1,3,test,-0.0012951679623989243,1.0030772472102691,0.014872604895586505,0.978375926051017,0.7016715175325647,,,,,,,,,
1,4,train,-0.006551495985560374,1.0126528802948966,3.6145919174446206e-09,0.9999999532987983,0.7165538637423883,,,,,,,,,
1,4,validation,0.004106073117604581,0.987917644720818,0.014502908806889536,1.0063983743269982,0.7108551860691792,,,,,,,,,
1,4,test,0.013263242230381278,1.0250969886854744,0.010162629971372183,1.0329034415720197,0.7316734034042391,,,,,,,,,
1,5,train,-0.004866682954760337,0.9896853248915116,6.833612564705049e-09,0.9999999488787572,0.7012955015541028,,,,,,,,,
1,5,validation,-0.010794210627722123,1.0283380795436678,-0.010559410017142667,1.0034911394047832,0.7340788653701903,,,,,,,,,
1,5,test,-0.016312150482001186,1.0168891955599817,-0.028558577243169125,1.0379687131239894,0.7277939396293722,,,,,,,,,
1,6,train,-0.008350315763857918,1.0026882683775988,-4.436234490867719e-09,1.0000000753134697,0.7102703935882893,,,,,,,,,
1,6,validation,-0.015123880595169226,0.9894615481846974,-0.009655452328004799,1.0324521625346477,0.7288954000324797,,,,,,,,,
1,6,test,0.00570911079558023,0.990040264170227,0.006422770169224545,1.013143640290951,0.7117761329356191,,,,,,,,,
1,7,train,0.0003728666938052072,1.005016389407204,3.3773655816471404e-09,1.0000000499187252,0.711305556291908,,,,,,,,,
1,7,validation,0.021849014789665944,1.0147301729851375,0.006289748663391492,0.9814950338645434,0.6991385701656356,,,,,,,,,
1,7,test,-0.01742179762456697,0.999135522752949,-0.01601358065989711,1.0007214411133392,0.701653986719593,,,,,,,,,
1,8,train,0.009027659034008373,0.9950341102053112,-5.649129761198246e-09,1.0000000418147954,0.7065543051341031,,,,,,,,,
1,8,validation,0.003304314169135125,1.0116804282973264,0.0006059310244168614,1.0400301004701795,0.7404629680455335,,,,,,,,,
1,8,test,-0.0073137891469343685,0.9931472268923678,-0.003106347922846475,0.9951819418226676,0.7051674842854625,,,,,,,,,
1,9,train,-0.006266595881394332,0.998068116228761,1.937011218089424e-09,1.0000000842283236,0.703878329242394,,,,,,,,,
1,9,validation,-0.0075989040102673044,0.994485860406813,-0.0071540761490709315,0.989933247493329,0.6951962560791929,,,,,,,,,
1,9,test,-0.003906089493569631,0.9873001956228958,0.0030229184479964033,0.9950519451377149,0.6967287745969731,,,,,,,,,
4,0,train,0.008731270318901085,1.0059718373527398,-1.0994362587002371e-08,1.0000000950600187,0.24443899421452472,-5.3877574623939495e-09,1.0000000531905644,0.23860337244309116,-1.3725502623351815e-08,0.9999999852328725,0.23414000517853734,1.1375265507318488e-08,1.0000000879179163,0.2390099549361669
4,0,validation,0.019222485498438857,0.9871187143609452,-0.006724716877521075,1.0030498908241454,0.26053360871147513,-0.012786622121705449,1.021526176978019,0.2538257692374143,-0.016569860186081087,1.0506580032326895,0.23963558251291078,0.01150891599391457,1.0012929670369801,0.22783473354869177
4,0,test,0.0006841167896662892,1.0062704321362932,0.00415899728671576,1.0317199224363347,0.24996980440586672,-0.01002086539946312,1.0092454045584578,0.26316103441055677,0.003799694054657188,1.0237822972543462,0.25352839165713803,0.015323618224361013,1.0087660648687713,0.22818340832713865
4,1,train,-0.004910806647587085,0.9930906805702675,1.8587976713391186e-09,1.0000000290239681,0.23738470943865694,4.478001525143327e-09,0.9999999183479945,0.24359771312194745,-1.709445263120557e-08,0.9999999586121558,0.2283846322796082,-4.502911210568783e-09,0.9999999331176208,0.23549265915961753
4,1,validation,0.01956975427671992,1.004983981752814,-0.02044193393929561,1.0130414648117791,0.23424819323307813,0.017333223979335344,1.0038652072401661,0.22863534592881113,-0.020304437563474664,0.9935697884458737,0.2193835401412021,0.01864791855201986,0.9991842330510757,0.23745285590460527
4,1,test,-0.004018344341924607,1.0059392439036916,-0.025961699382749615,1.039376431629376,0.25790653110489825,0.00134059777792217,0.9894701905358704,0.23109989013372217,-0.0005675124528679021,0.9973918178433788,0.24363190951959396,0.002147553848663497,0.9945820839681756,0.2213277824127052
4,2,train,-0.0010177439241269015,1.0059217570942618,-1.2234808610678272e-08,0.9999999339989798,0.23179879171956969,-6.337242952625388e-09,1.00000005709565,0.23073741715305104,1.6222304610735705e-08,1.0000001092059005,0.24614893226489182,3.1436211966884287e-09,1.0000000496711152,0.23538524356749643
4,2,validation,0.012414392659828799,0.9902446955181612,-0.018647546994836617,0.980328173437599,0.23951652878134533,0.0012773715210911973,1.005740044526146,0.19990757385230148,0.009540679132470586,1.0029088298071192,0.2147353943433108,0.02098514903505766,1.0391378239230173,0.23445133061072637
4,2,test,0.01046784715829574,0.9924008945370877,-0.002029570982363005,1.0050845158083885,0.2446647854887134,0.007079692633979562,1.001264551677933,0.2324386331426113,-0.001923997389231047,0.9912403833619529,0.23010888924342382,0.0029646178324931327,1.002625307525116,0.24474735935362368
4,3,train,-0.009081557794833772,1.0020504430179011,-1.2152101547258098e-10,1.0000000405497365,0.24180237484387113,-4.811798404169565e-09,1.0000000888715714,0.235371895324403,1.466130328253712e-09,0.9999999960148944,0.24258693023607064,1.0660289137542911e-08,0.9999999718872764,0.22984184469678945
4,3,validation,-0.0184257799756935,0.9686579674730098,-0.021069711670762103,0.9624562897787535,0.22530148507091086,-0.024547723411792788,1.0057824071186627,0.24159712987658694,0.0058617727005412235,0.9639197512975478,0.20768166356032922,-0.025172170139150296,1.0250295336185835,0.2532351541243853
4,3,test,-0.016358318472276867,0.9905647251173078,0.00444080310328987,0.9924012673433292,0.24620165956577517,0.00240943548145367,0.984223652929593,0.20899001976234785,-0.0035212378580808945,1.0042997240265654,0.2232725663868817,0.010908635746372575,1.00039314042,0.2253886774544248
4,4,train,-0.005720261618378908,0.9921890505726385,-9.255728405932473e-09,1.0000000435881509,0.2368646889336336,1.0819480755763777e-08,1.0000001013057942,0.23584713235463978,7.3259597832553425e-09,1.0000000835294123,0.24060810075025502,6.37006847270527e-09,0.9999999623857425,0.23473686685361467
4,4,validation,-0.007862663004516435,1.057537752736098,-0.01058586320712962,1.0362579024359033,0.24254052251972197,-0.010168787912308241,1.0026681401447006,0.2733526156072821,0.009998284138241331,1.02114782216888,0.23520452762726107,-0.025246730762859215,0.9816196473039019,0.2722122724323421
4,4,test,-0.023859320075475754,1.006980500938063,-0.026356102155329353,1.0088685662679904,0.23581721039068892,-0.015772501973952302,0.9912289968435304,0.24255153584609623,-0.03313204827763705,0.9972160086090592,0.24857690094226856,-0.017182428595817534,1.0062930079622951,0.24495784772622076
4,5,train,0.001942804133659548,1.0009167701439547,1.201484993440527e-08,0.9999999388968126,0.24118419380112294,-7.930497432362404e-09,0.9999999150623837,0.2308589512841912,-9.38708044628811e-09,1.0000000809833516,0.2381049868411196,1.6208138386986093e-08,1.0000000013754304,0.23470939430847293
4,5,validation,0.010441396343375153,0.9973295358373371,-0.004194722370101545,0.9601927036524872,0.22155376949385103,-0.001293841827486375,0.9825710328363335,0.24555852997052185,-0.023823148699747776,1.019763584897834,0.23665781806442238,0.02245256086774683,1.0174697195182532,0.24189437613023462
4,5,test,-0.014039983960707048,1.0220809269201094,-0.013947906307991254,0.9935361206643432,0.23705147655136782,0.0017080544811136633,0.9672797280694346,0.24634248178347556,-0.0036662066249242287,0.9959743714302054,0.24399754933983364,-0.0028813226321213747,0.9952321474088957,0.24514290301454342
4,6,train,0.0012745168315016764,1.0005565721848853,1.7697648901915386e-09,0.9999999676268225,0.2416149332857275,5.476835984730144e-09,1.0000000999558933,0.2396999594980344,1.2552565875623145e-08,0.9999999379857157,0.23901971790125898,-3.051340791149215e-09,0.9999999403485396,0.2347957431445464
4,6,validation,-0.0015597746620557018,1.0192171983356975,-0.04522352788934825,1.036526839829803,0.2564616621413859,-0.009045383572100718,0.9746311356052654,0.24413350150221585,-0.01458853779888969,1.0244407604953396,0.2432782386219251,-0.005617280392597124,1.0208752481862113,0.2484373070532317
4,6,test,-0.0023886685986083123,0.9924136406307574,0.005636205560950458,1.0126950225303073,0.22230596174187028,-0.005507521801578097,1.0057372843866195,0.24404907552393104,-0.0076125990482260875,1.0133625681350555,0.24474284589890097,-0.0034965874309582645,0.9993217244283514,0.23209321678881267
4,7,train,0.005570726372503554,1.0030815099810337,-1.240061212048893e-08,1.0000000446511108,0.24499908483675148,7.359220344227424e-09,0.9999999536799711,0.23512735505881438,6.628349547184442e-09,0.9999999746047916,0.23146449299002483,-1.1870304655881014e-08,1.0000000047688222,0.2415433334145528
4,7,validation,-0.01050903205488396,1.0268690755754069,-0.0034188162668549182,0.9735491316427481,0.23801231234931886,0.019658521166761034,0.9669361533409738,0.22057309754419357,0.006873194992024878,0.971753470932316,0.24700199534016642,0.038627336821207336,1.025174620549067,0.2516497956425546
4,7,test,0.007105210278336216,1.003852624769955,-0.0020240749411417625,0.9946514078629107,0.24303762192590117,0.00879593865443784,1.0065459121384257,0.2248317410055543,-0.014679048585414023,1.020840186820927,0.2471630524658063,0.011117039916529237,1.0078081436230908,0.24700717983979503
4,8,train,-0.010669859740539245,0.9959674341077498,-1.361414163347785e-08,1.0000000329126995,0.23520999529248035,5.367759833840857e-09,0.9999999132361321,0.22814466688806487,-9.406379980481105e-09,1.0000000305422216,0.2371476881100868,-8.526290784516277e-11,1.000000048182768,0.2275177470342946
4,8,validation,-0.009666517923086815,1.0127261133393812,-0.00811574774805024,1.0712263148455783,0.24831238875553704,0.0022287534855962576,1.001196902524154,0.23992483038272105,-0.001251136446093426,1.0046886675121127,0.2527504598664221,0.010539583648483841,0.9982182367429727,0.26096698333954443
4,8,test,-0.003453272085575776,0.9794518822396377,-0.01662604689294689,1.0216629156140467,0.24990975384972391,-0.010500298618588033,1.0060201068810732,0.2311644459371357,0.011726583712902527,0.9821653406019308,0.22493989050679392,0.00014178165616840488,0.9759315957829435,0.22096233931821582
4,9,train,-0.0007384829372809598,1.0067829170766323,-1.353297091055694e-08,1.0000000418235646,0.24332012059143715,8.37253377738989e-10,0.9999999828469365,0.24034230864484463,-8.146923580198973e-09,1.0000000852175766,0.24916630639441262,-9.452031934920058e-09,0.9999999278083653,0.23620146621727034
4,9,validation,0.014507527546356869,1.0492094028656747,-0.009561759311189633,0.9832874037141475,0.23865709044420833,0.0031128876620485357,1.0373128238637546,0.28133907453990037,0.010604664284532106,0.9865478332843072,0.269140457105231,0.02567556965944462,0.9649587018621042,0.24683347219904644
4,9,test,0.003716328992863893,0.9734082139211118,0.00318302860244124,0.9934626470787258,0.2300021698039864,0.006905599868954226,0.9879198990391242,0.24723015057539158,0.002745209870907317,0.9972081174192715,0.2227708871324336,0.012274888264585115,1.0025224973166247,0.21928212414599157
