run_identifier,n_informative,total_dim,repeat,data_seed,model_seed,parameter_count,best_epoch,epochs_ran,best_train_mse,best_val_mse,test_mse,test_mae,test_r2,bayes_mse,bayes_r2,capture_ratio,excess_mse,train_seconds,device,status,checkpoint_path
n1_d64_r0,1,64,0,1088092689,2208568757,529,42,62,0.5015233329031616,0.5094774514436722,0.5076709832886516,0.5694946179660558,0.4878543381712762,0.5,0.5,0.9757086763425524,0.007670983288651567,14.89718729100423,mps,success,/Users/niqi/Desktop/cheminformatics/nn_learning_ability_experiment/results/main/checkpoints/n1_d64_r0.pt
n1_d128_r0,1,128,0,1088092689,2702879189,2081,15,35,0.4922491619363427,0.5247429311275482,0.5220958583185877,0.5757614360456653,0.4733023204034953,0.5,0.5,0.9466046408069906,0.022095858318587736,8.35373700002674,mps,success,/Users/niqi/Desktop/cheminformatics/nn_learning_ability_experiment/results/main/checkpoints/n1_d128_r0.pt
n1_d256_r0,1,256,0,1088092689,1672514624,8257,8,28,0.46940041170455515,0.5565567463636398,0.5528041809064935,0.5959696243157833,0.44232333063820706,0.5,0.5,0.8846466612764141,0.052804180906493525,6.755794541968498,mps,success,/Users/niqi/Desktop/cheminformatics/nn_learning_ability_experiment/results/main/checkpoints/n1_d256_r0.pt
n1_d512_r0,1,512,0,1088092689,2839084997,33361,4,24,0.4548222338780761,0.5994810163974762,0.6008831160576409,0.6170401648330692,0.3938206214553892,0.5,0.5,0.7876412429107784,0.10088311605764089,6.591112666996196,mps,success,/Users/niqi/Desktop/cheminformatics/nn_learning_ability_experiment/results/main/checkpoints/n1_d512_r0.pt
n1_d1024_r0,1,1024,0,1088092689,3341402062,133281,2,22,0.5303799770772457,0.6520460098981857,0.6375474613667049,0.6367680780182479,0.3568331118045748,0.5,0.5,0.7136662236091496,0.13754746136670493,6.36969175003469,mps,success,/Users/niqi/Desktop/cheminformatics/nn_learning_ability_experiment/results/main/checkpoints/n1_d1024_r0.pt
n1_d2048_r0,1,2048,0,1088092689,2341695268,532801,84,104,0.006892835408507381,0.5979654788970947,0.5995569771055256,0.6164174051308589,0.3951584491699225,0.5,0.5,0.790316898339845,0.09955697710552558,34.96957958396524,mps,success,/Users/niqi/Desktop/cheminformatics/nn_learning_ability_experiment/results/main/checkpoints/n1_d2048_r0.pt
n1_d4096_r0,1,4096,0,1088092689,2686530180,2131025,81,101,0.0009462720977353456,0.6312624365091324,0.6255557777652065,0.6327781713468976,0.3689304916759748,0.5,0.5,0.7378609833519496,0.12555577776520654,47.15227858303115,mps,success,/Users/niqi/Desktop/cheminformatics/nn_learning_ability_experiment/results/main/checkpoints/n1_d4096_r0.pt
n1_d64_r1,1,64,1,778004450,78324464,529,23,43,0.4962337608449161,0.491929367184639,0.5052208612468986,0.5675726479893899,0.49453767688484873,0.5,0.5,0.9890753537696975,0.005220861246898578,10.12397770798998,mps,success,/Users/niqi/Desktop/cheminformatics/nn_learning_ability_experiment/results/main/checkpoints/n1_d64_r1.pt
n1_d128_r1,1,128,1,778004450,929670973,2081,15,35,0.47995920083485544,0.5057190433144569,0.5232741236403188,0.5770599989782395,0.4764757862363427,0.5,0.5,0.9529515724726854,0.023274123640318778,8.437932208995335,mps,success,/Users/niqi/Desktop/cheminformatics/nn_learning_ability_experiment/results/main/checkpoints/n1_d128_r1.pt
n1_d256_r1,1,256,1,778004450,101067127,8257,8,28,0.45997496391646564,0.5441738367080688,0.5522122362857148,0.5937545553667687,0.44752384310357163,0.5,0.5,0.8950476862071433,0.05221223628571481,6.857293333974667,mps,success,/Users/niqi/Desktop/cheminformatics/nn_learning_ability_experiment/results/main/checkpoints/n1_d256_r1.pt
n1_d512_r1,1,512,1,778004450,392568429,33361,4,24,0.4391720045823604,0.5908045321702957,0.6040853594814427,0.6185129616843139,0.3956259280154265,0.5,0.5,0.791251856030853,0.10408535948144271,6.674963957979344,mps,success,/Users/niqi/Desktop/cheminformatics/nn_learning_ability_experiment/results/main/checkpoints/n1_d512_r1.pt
n1_d1024_r1,1,1024,1,778004450,817661346,133281,2,22,0.5171336324419826,0.6250192224979401,0.6348446332994483,0.6345050871201292,0.36485195331649556,0.5,0.5,0.7297039066329911,0.1348446332994483,6.539476874982938,mps,success,/Users/niqi/Desktop/cheminformatics/nn_learning_ability_experiment/results/main/checkpoints/n1_d1024_r1.pt
n1_d2048_r1,1,2048,1,778004450,1262605584,532801,106,126,0.00022911423616278626,0.5789450258016586,0.603145457603201,0.6207047255858913,0.39656627910406483,0.5,0.5,0.7931325582081297,0.10314545760320104,43.31719950004481,mps,success,/Users/niqi/Desktop/cheminformatics/nn_learning_ability_experiment/results/main/checkpoints/n1_d2048_r1.pt
n1_d4096_r1,1,4096,1,778004450,2162954178,2131025,126,146,0.003737558765351423,0.5790394842624664,0.6106857309975875,0.6221378122085173,0.38902240196200966,0.5,0.5,0.7780448039240193,0.1106857309975875,68.41611412499333,mps,success,/Users/niqi/Desktop/cheminformatics/nn_learning_ability_experiment/results/main/checkpoints/n1_d4096_r1.pt
n1_d64_r2,1,64,2,476308787,1673372289,529,19,39,0.49397012079134583,0.5172905698418617,0.523556059710196,0.5757197330788522,0.4814138673309546,0.5,0.5,0.9628277346619092,0.02355605971019603,9.278519249986857,mps,success,/Users/niqi/Desktop/cheminformatics/nn_learning_ability_experiment/results/main/checkpoints/n1_d64_r2.pt
n1_d128_r2,1,128,2,476308787,1068067755,2081,14,34,0.48034572415053844,0.5288414061069489,0.5426087717532124,0.5875870832860137,0.4625420157460184,0.5,0.5,0.9250840314920368,0.04260877175321243,8.317115542013198,mps,success,/Users/niqi/Desktop/cheminformatics/nn_learning_ability_experiment/results/main/checkpoints/n1_d128_r2.pt
n1_d256_r2,1,256,2,476308787,4174964503,8257,5,25,0.4913018271327019,0.5509127527475357,0.5759143345905513,0.6034162955197147,0.42955261048969884,0.5,0.5,0.8591052209793977,0.0759143345905513,6.176408375031315,mps,success,/Users/niqi/Desktop/cheminformatics/nn_learning_ability_experiment/results/main/checkpoints/n1_d256_r2.pt
n1_d512_r2,1,512,2,476308787,3079254897,33361,3,23,0.4979270782787353,0.6220450401306152,0.6323459696776424,0.6318444204776092,0.37365666036698564,0.5,0.5,0.7473133207339713,0.13234596967764245,6.49476470798254,mps,success,/Users/niqi/Desktop/cheminformatics/nn_learning_ability_experiment/results/main/checkpoints/n1_d512_r2.pt
n1_d1024_r2,1,1024,2,476308787,4050229628,133281,2,22,0.5256518835667521,0.657013550400734,0.6529297624268546,0.642453937940747,0.35326826206751083,0.5,0.5,0.7065365241350217,0.15292976242685463,6.617732833023183,mps,success,/Users/niqi/Desktop/cheminformatics/nn_learning_ability_experiment/results/main/checkpoints/n1_d1024_r2.pt
n1_d2048_r2,1,2048,2,476308787,1910039370,532801,69,89,0.001567082601468428,0.6094013154506683,0.6199993046329086,0.6292427622722663,0.38588612301603364,0.5,0.5,0.7717722460320673,0.11999930463290864,30.771975291951094,mps,success,/Users/niqi/Desktop/cheminformatics/nn_learning_ability_experiment/results/main/checkpoints/n1_d2048_r2.pt
n1_d4096_r2,1,4096,2,476308787,4182301504,2131025,86,106,0.0001746188557945061,0.6404034942388535,0.6525531294731184,0.6428654616246625,0.3536413197817543,0.5,0.5,0.7072826395635086,0.1525531294731184,49.5486859579687,mps,success,/Users/niqi/Desktop/cheminformatics/nn_learning_ability_experiment/results/main/checkpoints/n1_d4096_r2.pt
n1_d64_r3,1,64,3,901297178,3527024342,529,15,35,0.5016337307170033,0.5198319554328918,0.51244650314198,0.5722536309621709,0.4891255837302838,0.5,0.5,0.9782511674605676,0.012446503141980036,8.273687832988799,mps,success,/Users/niqi/Desktop/cheminformatics/nn_learning_ability_experiment/results/main/checkpoints/n1_d64_r3.pt
n1_d128_r3,1,128,3,901297178,3959508619,2081,16,36,0.4838599283248186,0.526902511715889,0.5248306795072286,0.5788404854421336,0.47677939962562876,0.5,0.5,0.9535587992512575,0.024830679507228615,8.759098458045628,mps,success,/Users/niqi/Desktop/cheminformatics/nn_learning_ability_experiment/results/main/checkpoints/n1_d128_r3.pt
n1_d256_r3,1,256,3,901297178,1873067723,8257,8,28,0.45980518986471,0.5656651854515076,0.5598997621788027,0.5986550533099453,0.4418179021247063,0.5,0.5,0.8836358042494126,0.05989976217880266,6.841775665991008,mps,success,/Users/niqi/Desktop/cheminformatics/nn_learning_ability_experiment/results/main/checkpoints/n1_d256_r3.pt
n1_d512_r3,1,512,3,901297178,1396984468,33361,5,25,0.4072680252138525,0.6220495104789734,0.6230491473268094,0.6296003370011127,0.3788622470905242,0.5,0.5,0.7577244941810484,0.12304914732680938,6.99946183298016,mps,success,/Users/niqi/Desktop/cheminformatics/nn_learning_ability_experiment/results/main/checkpoints/n1_d512_r3.pt
n1_d1024_r3,1,1024,3,901297178,134325261,133281,2,22,0.545359282521531,0.6592001765966415,0.6627665028859799,0.6490746802309011,0.3392667367052259,0.5,0.5,0.6785334734104518,0.16276650288597994,6.614816749992315,mps,success,/Users/niqi/Desktop/cheminformatics/nn_learning_ability_experiment/results/main/checkpoints/n1_d1024_r3.pt
n1_d2048_r3,1,2048,3,901297178,557933771,532801,72,92,0.0003389003688880621,0.6113589555025101,0.6023775878340603,0.6195146858589786,0.3994703902322815,0.5,0.5,0.798940780464563,0.10237758783406026,31.768071666010655,mps,success,/Users/niqi/Desktop/cheminformatics/nn_learning_ability_experiment/results/main/checkpoints/n1_d2048_r3.pt
n1_d4096_r3,1,4096,3,901297178,1713630483,2131025,109,129,0.002172524183151836,0.6329668164253235,0.6185861485034463,0.6288601706705257,0.3833115542957025,0.5,0.5,0.766623108591405,0.11858614850344629,60.6153860000195,mps,success,/Users/niqi/Desktop/cheminformatics/nn_learning_ability_experiment/results/main/checkpoints/n1_d4096_r3.pt
n1_d64_r4,1,64,4,2268575067,2702634448,529,21,41,0.49974617129191756,0.50174281001091,0.5219856203754479,0.5761035898430493,0.4907939188809711,0.5,0.5,0.9815878377619423,0.021985620375447934,9.751059208007064,mps,success,/Users/niqi/Desktop/cheminformatics/nn_learning_ability_experiment/results/main/checkpoints/n1_d64_r4.pt
n1_d128_r4,1,128,4,2268575067,1204681102,2081,12,32,0.4899950090330094,0.5114530548453331,0.5323007475106318,0.5811664731519302,0.4807313323657074,0.5,0.5,0.9614626647314148,0.03230074751063183,7.8022454580059275,mps,success,/Users/niqi/Desktop/cheminformatics/nn_learning_ability_experiment/results/main/checkpoints/n1_d128_r4.pt
n1_d256_r4,1,256,4,2268575067,2709799304,8257,7,27,0.4677126994356513,0.5469982028007507,0.566413292000886,0.599774608467547,0.44745394996504484,0.5,0.5,0.8949078999300897,0.06641329200088597,6.680088875000365,mps,success,/Users/niqi/Desktop/cheminformatics/nn_learning_ability_experiment/results/main/checkpoints/n1_d256_r4.pt
n1_d512_r4,1,512,4,2268575067,2064728679,33361,4,24,0.43734437646344304,0.594338059425354,0.6163403638657352,0.6271528142475398,0.39874922015321224,0.5,0.5,0.7974984403064245,0.11634036386573521,6.74917204095982,mps,success,/Users/niqi/Desktop/cheminformatics/nn_learning_ability_experiment/results/main/checkpoints/n1_d512_r4.pt
n1_d1024_r4,1,1024,4,2268575067,473162264,133281,2,22,0.5516532820183784,0.6614764630794525,0.6827196300789746,0.6591130908354672,0.3339950876702358,0.5,0.5,0.6679901753404716,0.18271963007897463,6.629638832993805,mps,success,/Users/niqi/Desktop/cheminformatics/nn_learning_ability_experiment/results/main/checkpoints/n1_d1024_r4.pt
n1_d2048_r4,1,2048,4,2268575067,1205471638,532801,84,104,2.0838113798049562e-05,0.6022990792989731,0.6202724613611568,0.6251552201693671,0.3949133904328813,0.5,0.5,0.7898267808657626,0.12027246136115677,36.217546958010644,mps,success,/Users/niqi/Desktop/cheminformatics/nn_learning_ability_experiment/results/main/checkpoints/n1_d2048_r4.pt
n1_d4096_r4,1,4096,4,2268575067,2425375433,2131025,123,143,0.0005702211694824655,0.5980521738529205,0.6204308246225515,0.6281477773085755,0.3947589043080144,0.5,0.5,0.7895178086160288,0.1204308246225515,70.86150245799217,mps,success,/Users/niqi/Desktop/cheminformatics/nn_learning_ability_experiment/results/main/checkpoints/n1_d4096_r4.pt
n1_d64_r5,1,64,5,329511065,1406176858,529,47,67,0.4911922267638147,0.5027386844158173,0.5139046436462869,0.5727422640111257,0.4946306383329314,0.5,0.5,0.9892612766658628,0.013904643646286852,15.998453375010286,mps,success,/Users/niqi/Desktop/cheminformatics/nn_learning_ability_experiment/results/main/checkpoints/n1_d64_r5.pt
n1_d128_r5,1,128,5,329511065,2603436640,2081,15,35,0.4821631081867963,0.5150550007820129,0.528245316456641,0.5804130631919548,0.480528145285538,0.5,0.5,0.961056290571076,0.028245316456640968,8.37050125002861,mps,success,/Users/niqi/Desktop/cheminformatics/nn_learning_ability_experiment/results/main/checkpoints/n1_d128_r5.pt
n1_d256_r5,1,256,5,329511065,892840887,8257,7,27,0.4681031743530184,0.553984597325325,0.557997125320995,0.5962049856102709,0.4512704749373244,0.5,0.5,0.9025409498746488,0.05799712532099499,6.639053374994546,mps,success,/Users/niqi/Desktop/cheminformatics/nn_learning_ability_experiment/results/main/checkpoints/n1_d256_r5.pt
n1_d512_r5,1,512,5,329511065,3308963897,33361,4,24,0.44453982287086546,0.6171105355024338,0.6181585451215714,0.6257777540432556,0.39210825739852295,0.5,0.5,0.7842165147970459,0.11815854512157142,6.603333333041519,mps,success,/Users/niqi/Desktop/cheminformatics/nn_learning_ability_experiment/results/main/checkpoints/n1_d512_r5.pt
n1_d1024_r5,1,1024,5,329511065,1613027505,133281,3,23,0.352634517243132,0.6546454876661301,0.6494422691569799,0.6438145799589137,0.3613441149806452,0.5,0.5,0.7226882299612905,0.1494422691569799,6.788036999991164,mps,success,/Users/niqi/Desktop/cheminformatics/nn_learning_ability_experiment/results/main/checkpoints/n1_d1024_r5.pt
n1_d2048_r5,1,2048,5,329511065,2584976714,532801,90,110,0.0011329649132676423,0.614888459444046,0.6200055702054337,0.626250049641996,0.3902919089783343,0.5,0.5,0.7805838179566686,0.12000557020543368,37.62188587494893,mps,success,/Users/niqi/Desktop/cheminformatics/nn_learning_ability_experiment/results/main/checkpoints/n1_d2048_r5.pt
n1_d4096_r5,1,4096,5,329511065,3392276005,2131025,105,125,0.0001341816595754608,0.622730553150177,0.6259004493370794,0.6289602180383582,0.38449493605602936,0.5,0.5,0.7689898721120587,0.12590044933707945,58.86514000000898,mps,success,/Users/niqi/Desktop/cheminformatics/nn_learning_ability_experiment/results/main/checkpoints/n1_d4096_r5.pt
n1_d64_r6,1,64,6,3507809886,3602009820,529,40,60,0.49288481660187244,0.49321987479925156,0.5013751813573653,0.5621189505978403,0.49358101937644117,0.5,0.5,0.9871620387528823,0.0013751813573652516,14.43576091696741,mps,success,/Users/niqi/Desktop/cheminformatics/nn_learning_ability_experiment/results/main/checkpoints/n1_d64_r6.pt
n1_d128_r6,1,128,6,3507809886,1617247486,2081,13,33,0.48444102867506444,0.5007119551301003,0.5147747064965449,0.5698568482540107,0.48004669595131255,0.5,0.5,0.9600933919026251,0.014774706496544887,8.07924616598757,mps,success,/Users/niqi/Desktop/cheminformatics/nn_learning_ability_experiment/results/main/checkpoints/n1_d128_r6.pt
n1_d256_r6,1,256,6,3507809886,3418931500,8257,7,27,0.4651660097297281,0.5368527099490166,0.5477961614476623,0.5869466870627402,0.4466930474723859,0.5,0.5,0.8933860949447718,0.0477961614476623,6.727441708033439,mps,success,/Users/niqi/Desktop/cheminformatics/nn_learning_ability_experiment/results/main/checkpoints/n1_d256_r6.pt
n1_d512_r6,1,512,6,3507809886,92641035,33361,3,23,0.5132772256620228,0.5866677612066269,0.6156036467880796,0.6263145105305821,0.3782034235708286,0.5,0.5,0.7564068471416572,0.11560364678807955,6.463893542008009,mps,success,/Users/niqi/Desktop/cheminformatics/nn_learning_ability_experiment/results/main/checkpoints/n1_d512_r6.pt
n1_d1024_r6,1,1024,6,3507809886,3707160597,133281,2,22,0.5331269330345094,0.6266884803771973,0.6393822674797478,0.6329292291463755,0.35418559161770335,0.5,0.5,0.7083711832354067,0.1393822674797478,6.590199124999344,mps,success,/Users/niqi/Desktop/cheminformatics/nn_learning_ability_experiment/results/main/checkpoints/n1_d1024_r6.pt
n1_d2048_r6,1,2048,6,3507809886,2341248296,532801,148,168,0.00356414501038671,0.5660386085510254,0.592369273149841,0.613755531163866,0.4016715333832227,0.5,0.5,0.8033430667664454,0.092369273149841,58.10719512501964,mps,success,/Users/niqi/Desktop/cheminformatics/nn_learning_ability_experiment/results/main/checkpoints/n1_d2048_r6.pt
n1_d4096_r6,1,4096,6,3507809886,1709955114,2131025,89,109,0.0001777201948129914,0.5909278988838196,0.603766059205504,0.618078924793215,0.390160096456751,0.5,0.5,0.780320192913502,0.10376605920550397,50.53804412501631,mps,success,/Users/niqi/Desktop/cheminformatics/nn_learning_ability_experiment/results/main/checkpoints/n1_d4096_r6.pt
n1_d64_r7,1,64,7,1064683032,1882333416,529,47,67,0.4938185780774802,0.52271818369627,0.5158397665045357,0.5736721080130094,0.48371391592281054,0.5,0.5,0.9674278318456211,0.01583976650453567,15.869234832993243,mps,success,/Users/niqi/Desktop/cheminformatics/nn_learning_ability_experiment/results/main/checkpoints/n1_d64_r7.pt
n1_d128_r7,1,128,7,1064683032,2341736584,2081,14,34,0.48301586508750916,0.5398749262094498,0.5332653366386119,0.5842422063323509,0.4662732687460762,0.5,0.5,0.9325465374921524,0.033265336638611864,8.210996832989622,mps,success,/Users/niqi/Desktop/cheminformatics/nn_learning_ability_experiment/results/main/checkpoints/n1_d128_r7.pt
n1_d256_r7,1,256,7,1064683032,1583404489,8257,6,26,0.47954081068746746,0.5648441165685654,0.5632467407582296,0.6006905211928908,0.43626592395964625,0.5,0.5,0.8725318479192925,0.06324674075822956,6.4000197920249775,mps,success,/Users/niqi/Desktop/cheminformatics/nn_learning_ability_experiment/results/main/checkpoints/n1_d256_r7.pt
n1_d512_r7,1,512,7,1064683032,121748603,33361,3,23,0.4922765188384801,0.6084193587303162,0.5950225251268979,0.6191095765809296,0.4044626463811296,0.5,0.5,0.8089252927622592,0.0950225251268979,6.412546999985352,mps,success,/Users/niqi/Desktop/cheminformatics/nn_learning_ability_experiment/results/main/checkpoints/n1_d512_r7.pt
n1_d1024_r7,1,1024,7,1064683032,3663572914,133281,2,22,0.5426528113894165,0.6887128502130508,0.6713070603169418,0.6552317074929688,0.32811210788775813,0.5,0.5,0.6562242157755163,0.17130706031694176,6.625865666021127,mps,success,/Users/niqi/Desktop/cheminformatics/nn_learning_ability_experiment/results/main/checkpoints/n1_d1024_r7.pt
n1_d2048_r7,1,2048,7,1064683032,895557521,532801,66,86,0.00010637730457574435,0.6072311848402023,0.6090264570858825,0.6225463653753236,0.3904465978671111,0.5,0.5,0.7808931957342222,0.10902645708588254,29.726649333024397,mps,success,/Users/niqi/Desktop/cheminformatics/nn_learning_ability_experiment/results/main/checkpoints/n1_d2048_r7.pt
n1_d4096_r7,1,4096,7,1064683032,1731732622,2131025,130,150,1.2013338931637918e-05,0.6352488845586777,0.6138435829186895,0.6281736950461534,0.38562530413557183,0.5,0.5,0.7712506082711437,0.11384358291868946,69.30512533301953,mps,success,/Users/niqi/Desktop/cheminformatics/nn_learning_ability_experiment/results/main/checkpoints/n1_d4096_r7.pt
n1_d64_r8,1,64,8,2884252759,679372771,529,23,43,0.4953440735116601,0.4988461136817932,0.50452900397057,0.5653015554611613,0.4919897168224704,0.5,0.5,0.9839794336449408,0.004529003970569989,10.213463667023461,mps,success,/Users/niqi/Desktop/cheminformatics/nn_learning_ability_experiment/results/main/checkpoints/n1_d64_r8.pt
n1_d128_r8,1,128,8,2884252759,988676001,2081,16,36,0.4817566766869277,0.508678674697876,0.5242092808435052,0.5778434719829448,0.47217364490479896,0.5,0.5,0.9443472898095979,0.024209280843505154,8.778772041026969,mps,success,/Users/niqi/Desktop/cheminformatics/nn_learning_ability_experiment/results/main/checkpoints/n1_d128_r8.pt
n1_d256_r8,1,256,8,2884252759,1782781316,8257,8,28,0.4583369009196758,0.5428916066884995,0.5577813288395415,0.5972312860537556,0.4383699478425962,0.5,0.5,0.8767398956851924,0.05778132883954146,6.8939337090123445,mps,success,/Users/niqi/Desktop/cheminformatics/nn_learning_ability_experiment/results/main/checkpoints/n1_d256_r8.pt
n1_d512_r8,1,512,8,2884252759,1810645437,33361,4,24,0.43972423230297863,0.6196125000715256,0.6180751106769132,0.6232803976103867,0.3776601354353909,0.5,0.5,0.7553202708707818,0.11807511067691323,6.742774582991842,mps,success,/Users/niqi/Desktop/cheminformatics/nn_learning_ability_experiment/results/main/checkpoints/n1_d512_r8.pt
n1_d1024_r8,1,1024,8,2884252759,3176111705,133281,2,22,0.5560521285515279,0.6235835254192352,0.6456797658585849,0.6417707681424645,0.3498650065419149,0.5,0.5,0.6997300130838298,0.1456797658585849,6.553438000031747,mps,success,/Users/niqi/Desktop/cheminformatics/nn_learning_ability_experiment/results/main/checkpoints/n1_d1024_r8.pt
n1_d2048_r8,1,2048,8,2884252759,345966820,532801,97,117,0.0009644644878790132,0.602828860282898,0.5852988703860822,0.6097004557191497,0.4106625336733545,0.5,0.5,0.821325067346709,0.08529887038608219,40.34480804100167,mps,success,/Users/niqi/Desktop/cheminformatics/nn_learning_ability_experiment/results/main/checkpoints/n1_d2048_r8.pt
n1_d4096_r8,1,4096,8,2884252759,2073323618,2131025,107,127,0.0007367350208369317,0.6299004852771759,0.6159550895985189,0.6258522970826732,0.37979478478141804,0.5,0.5,0.7595895695628361,0.11595508959851886,58.693571167008486,mps,success,/Users/niqi/Desktop/cheminformatics/nn_learning_ability_experiment/results/main/checkpoints/n1_d4096_r8.pt
n1_d64_r9,1,64,9,1509360085,600762880,529,32,52,0.4989593324717134,0.5144766569137573,0.5097002286285449,0.5683514131766918,0.4837434137172728,0.5,0.5,0.9674868274345456,0.009700228628544916,12.323160375002772,mps,success,/Users/niqi/Desktop/cheminformatics/nn_learning_ability_experiment/results/main/checkpoints/n1_d64_r9.pt
n1_d128_r9,1,128,9,1509360085,1115842502,2081,16,36,0.4860778637230396,0.5337126553058624,0.5226063709461516,0.5770158379694044,0.47067125757385786,0.5,0.5,0.9413425151477157,0.022606370946151588,8.788249375007581,mps,success,/Users/niqi/Desktop/cheminformatics/nn_learning_ability_experiment/results/main/checkpoints/n1_d128_r9.pt
n1_d256_r9,1,256,9,1509360085,934452353,8257,7,27,0.4757154162507504,0.5704963058233261,0.5566046930269173,0.5939670748815891,0.4362356094989419,0.5,0.5,0.8724712189978838,0.056604693026917285,6.6433700419729576,mps,success,/Users/niqi/Desktop/cheminformatics/nn_learning_ability_experiment/results/main/checkpoints/n1_d256_r9.pt
n1_d512_r9,1,512,9,1509360085,716841244,33361,4,24,0.43980522570200264,0.6032155454158783,0.6038491578912377,0.6193802296828173,0.3883834313328943,0.5,0.5,0.7767668626657886,0.10384915789123772,6.747047749988269,mps,success,/Users/niqi/Desktop/cheminformatics/nn_learning_ability_experiment/results/main/checkpoints/n1_d512_r9.pt
n1_d1024_r9,1,1024,9,1509360085,2339202119,133281,2,22,0.5240697592962533,0.6628285646438599,0.6574814455940917,0.6471319586616167,0.33406126271525627,0.5,0.5,0.6681225254305125,0.15748144559409172,6.541432750003878,mps,success,/Users/niqi/Desktop/cheminformatics/nn_learning_ability_experiment/results/main/checkpoints/n1_d1024_r9.pt
n1_d2048_r9,1,2048,9,1509360085,62358247,532801,50,70,0.011504506226629019,0.6258071064949036,0.6209660818454215,0.6286329658322662,0.3710463295779569,0.5,0.5,0.7420926591559138,0.12096608184542146,24.09833508398151,mps,success,/Users/niqi/Desktop/cheminformatics/nn_learning_ability_experiment/results/main/checkpoints/n1_d2048_r9.pt
n1_d4096_r9,1,4096,9,1509360085,3414106469,2131025,154,174,0.0004764827751841949,0.6357892751693726,0.6366723743368323,0.6368799404182175,0.3551380044697039,0.5,0.5,0.7102760089394078,0.13667237433683233,81.05412045802223,mps,success,/Users/niqi/Desktop/cheminformatics/nn_learning_ability_experiment/results/main/checkpoints/n1_d4096_r9.pt
n4_d64_r0,4,64,0,2578301437,1364087389,529,19,39,0.8041277374140918,0.790911853313446,0.808590988849375,0.7150342360722657,0.1964476317437336,0.8095238095238095,0.19047619047619047,1.0313500666546014,-0.0009328206744345646,9.317967667011544,mps,success,/Users/niqi/Desktop/cheminformatics/nn_learning_ability_experiment/results/main/checkpoints/n4_d64_r0.pt
n4_d128_r0,4,128,0,2578301437,3665297213,2081,10,30,0.7947889054194093,0.8086566776037216,0.8220881929327948,0.7220098985462531,0.1830345335820739,0.8095238095238095,0.19047619047619047,0.960931301305888,0.012564383408985247,7.350235250021797,mps,success,/Users/niqi/Desktop/cheminformatics/nn_learning_ability_experiment/results/main/checkpoints/n4_d128_r0.pt
n4_d256_r0,4,256,0,2578301437,2980579463,8257,4,24,0.7963331541977823,0.8177804797887802,0.8374680812685451,0.7293463030549734,0.16775048284921168,0.8095238095238095,0.19047619047619047,0.8806900349583614,0.02794427174473557,5.9498117080074735,mps,success,/Users/niqi/Desktop/cheminformatics/nn_learning_ability_experiment/results/main/checkpoints/n4_d256_r0.pt
n4_d512_r0,4,512,0,2578301437,3938755849,33361,2,22,0.8285146006383002,0.8504214286804199,0.8726902878838732,0.7432521661937759,0.13274775844186526,0.8095238095238095,0.19047619047619047,0.6969257318197927,0.06316647836006362,6.233486625016667,mps,success,/Users/niqi/Desktop/cheminformatics/nn_learning_ability_experiment/results/main/checkpoints/n4_d512_r0.pt
n4_d1024_r0,4,1024,0,2578301437,2002926907,133281,2,22,0.7390943523496389,0.8622651696205139,0.8999737328694226,0.7560442525719597,0.10563432639196668,0.8095238095238095,0.19047619047619047,0.5545802135578252,0.09044992334561308,6.607831834000535,mps,success,/Users/niqi/Desktop/cheminformatics/nn_learning_ability_experiment/results/main/checkpoints/n4_d1024_r0.pt
n4_d2048_r0,4,2048,0,2578301437,1408837844,532801,1,21,0.9927695556543767,0.8825529962778091,0.9113275389286897,0.7601318588389094,0.09435126997226928,0.8095238095238095,0.19047619047619047,0.4953441673544137,0.10180372940488014,7.3248550000134856,mps,success,/Users/niqi/Desktop/cheminformatics/nn_learning_ability_experiment/results/main/checkpoints/n4_d2048_r0.pt
n4_d4096_r0,4,4096,0,2578301437,3727196883,2131025,12,32,0.0032087188301375136,0.922411635518074,0.9496132240208985,0.7767757449430153,0.0563041567216801,0.8095238095238095,0.19047619047619047,0.29559682278882055,0.140089414497089,15.241931917029433,mps,success,/Users/niqi/Desktop/cheminformatics/nn_learning_ability_experiment/results/main/checkpoints/n4_d4096_r0.pt
n4_d64_r1,4,64,1,2052589141,3463491442,529,20,40,0.7956564198248088,0.8365446478128433,0.8220753814634346,0.7190415139933841,0.18277829755080122,0.8095238095238095,0.19047619047619047,0.9595860621417064,0.012551571939625084,9.751760500017554,mps,success,/Users/niqi/Desktop/cheminformatics/nn_learning_ability_experiment/results/main/checkpoints/n4_d64_r1.pt
n4_d128_r1,4,128,1,2052589141,2104894397,2081,11,31,0.7823692779056728,0.8448305875062943,0.8371936694601214,0.72518757986388,0.16774927061074663,0.8095238095238095,0.19047619047619047,0.8806836707064198,0.02766985993631188,8.067109541036189,mps,success,/Users/niqi/Desktop/cheminformatics/nn_learning_ability_experiment/results/main/checkpoints/n4_d128_r1.pt
n4_d256_r1,4,256,1,2052589141,490981339,8257,4,24,0.7815036014653742,0.862866148352623,0.8525851000729628,0.7341213206668109,0.1524487137370404,0.8095238095238095,0.19047619047619047,0.8003557471194621,0.04306129054915331,8.40773558296496,mps,success,/Users/niqi/Desktop/cheminformatics/nn_learning_ability_experiment/results/main/checkpoints/n4_d256_r1.pt
n4_d512_r1,4,512,1,2052589141,2434064832,33361,2,22,0.8192394590005279,0.8959124088287354,0.8817959871650924,0.7468849995503084,0.1234102929087878,0.8095238095238095,0.19047619047619047,0.647904037771136,0.07227217764128291,8.480633875005879,mps,success,/Users/niqi/Desktop/cheminformatics/nn_learning_ability_experiment/results/main/checkpoints/n4_d512_r1.pt
n4_d1024_r1,4,1024,1,2052589141,3560461184,133281,1,21,0.9833762007765472,0.9207461774349213,0.9056235775840533,0.7555818699825729,0.0997233848143243,0.8095238095238095,0.19047619047619047,0.5235477702752026,0.09609976806024378,8.495039500005078,mps,success,/Users/niqi/Desktop/cheminformatics/nn_learning_ability_experiment/results/main/checkpoints/n4_d1024_r1.pt
n4_d2048_r1,4,2048,1,2052589141,2794819537,532801,1,21,0.9759481269866228,0.9318870007991791,0.9149881782117085,0.7611170783027625,0.09041407445148919,0.8095238095238095,0.19047619047619047,0.47467389087031825,0.10546436868789899,12.812255166994873,mps,success,/Users/niqi/Desktop/cheminformatics/nn_learning_ability_experiment/results/main/checkpoints/n4_d2048_r1.pt
n4_d4096_r1,4,4096,1,2052589141,3429812299,2131025,68,88,0.0011968412150054064,0.9240679889917374,0.9318178931001531,0.765662717371351,0.07368372518791488,0.8095238095238095,0.19047619047619047,0.38683955723655317,0.12229408357634353,82.87033587496262,mps,success,/Users/niqi/Desktop/cheminformatics/nn_learning_ability_experiment/results/main/checkpoints/n4_d4096_r1.pt
n4_d64_r2,4,64,2,615321042,1125907759,529,41,61,0.8043942400254309,0.8351069986820221,0.8088182565754017,0.7210388648723551,0.18498838420265562,0.8095238095238095,0.19047619047619047,0.971189017063942,-0.0007055529484077949,20.499436416022945,mps,success,/Users/niqi/Desktop/cheminformatics/nn_learning_ability_experiment/results/main/checkpoints/n4_d64_r2.pt
n4_d128_r2,4,128,2,615321042,147957696,2081,12,32,0.796805455815047,0.849556177854538,0.8232658349296033,0.7275215994930306,0.1704301764927153,0.8095238095238095,0.19047619047619047,0.8947584265867554,0.013742025405793723,10.959214416972827,mps,success,/Users/niqi/Desktop/cheminformatics/nn_learning_ability_experiment/results/main/checkpoints/n4_d128_r2.pt
n4_d256_r2,4,256,2,615321042,2033183501,8257,4,24,0.7956369305029511,0.8660593628883362,0.8328270723431457,0.7313628637363223,0.1607957258728352,0.8095238095238095,0.19047619047619047,0.8441775608323848,0.023303262819336146,8.359886540973093,mps,success,/Users/niqi/Desktop/cheminformatics/nn_learning_ability_experiment/results/main/checkpoints/n4_d256_r2.pt
n4_d512_r2,4,512,2,615321042,1607037859,33361,2,22,0.8324487996287644,0.8945804834365845,0.8653825040078504,0.7426794522792193,0.12799100769501615,0.8095238095238095,0.19047619047619047,0.6719527903988348,0.055858694484040905,8.591901833016891,mps,success,/Users/niqi/Desktop/cheminformatics/nn_learning_ability_experiment/results/main/checkpoints/n4_d512_r2.pt
n4_d1024_r2,4,1024,2,615321042,3926037884,133281,1,21,0.9898873972706497,0.8929227143526077,0.9009670099402614,0.7576325835342743,0.09213402073712995,0.8095238095238095,0.19047619047619047,0.48370360886993224,0.09144320041645182,8.871020000020508,mps,success,/Users/niqi/Desktop/cheminformatics/nn_learning_ability_experiment/results/main/checkpoints/n4_d1024_r2.pt
n4_d2048_r2,4,2048,2,615321042,4294792975,532801,1,21,0.9891505115665495,0.9133859127759933,0.9013892493153127,0.7581696809810978,0.09170854815102514,0.8095238095238095,0.19047619047619047,0.481469877792882,0.09186543979150319,12.699291790951975,mps,success,/Users/niqi/Desktop/cheminformatics/nn_learning_ability_experiment/results/main/checkpoints/n4_d2048_r2.pt
n4_d4096_r2,4,4096,2,615321042,2793365891,2131025,1,21,0.9918007869273424,0.9397210627794266,0.935496067579701,0.7715494934265763,0.05734056395014664,0.8095238095238095,0.19047619047619047,0.3010379607382699,0.12597225805589152,19.020820541016292,mps,success,/Users/niqi/Desktop/cheminformatics/nn_learning_ability_experiment/results/main/checkpoints/n4_d4096_r2.pt
n4_d64_r3,4,64,3,3476985878,2063431481,529,49,69,0.7958432505838573,0.790071114897728,0.8245469751177725,0.7255916912305991,0.1675990935169578,0.8095238095238095,0.19047619047619047,0.8798952409640284,0.015023165593962995,23.155447707977146,mps,success,/Users/niqi/Desktop/cheminformatics/nn_learning_ability_experiment/results/main/checkpoints/n4_d64_r3.pt
n4_d128_r3,4,128,3,3476985878,526315351,2081,7,27,0.7992267524823546,0.8114236891269684,0.8384576659295957,0.7308457107802808,0.15355590132658803,0.8095238095238095,0.19047619047619047,0.8061684819645872,0.028933856405786162,9.286525875038933,mps,success,/Users/niqi/Desktop/cheminformatics/nn_learning_ability_experiment/results/main/checkpoints/n4_d128_r3.pt
n4_d256_r3,4,256,3,3476985878,109329070,8257,5,25,0.7794571435078979,0.8186872452497482,0.8472283396862207,0.7349830499262935,0.14470168561081398,0.8095238095238095,0.19047619047619047,0.7596838494567735,0.037704530162411154,8.65486658399459,mps,success,/Users/niqi/Desktop/cheminformatics/nn_learning_ability_experiment/results/main/checkpoints/n4_d256_r3.pt
n4_d512_r3,4,512,3,3476985878,1437537821,33361,2,22,0.8164039263501763,0.8325275331735611,0.8627581870342584,0.7411043525749066,0.12902391417977643,0.8095238095238095,0.19047619047619047,0.6773755494438263,0.053234377510448905,8.648390249989461,mps,success,/Users/niqi/Desktop/cheminformatics/nn_learning_ability_experiment/results/main/checkpoints/n4_d512_r3.pt
n4_d1024_r3,4,1024,3,3476985878,3850066197,133281,1,21,0.9814076605252922,0.8750215917825699,0.904088306347734,0.7596913499233211,0.08730011939334181,0.8095238095238095,0.19047619047619047,0.4583256268150445,0.09456449682392443,8.93118716700701,mps,success,/Users/niqi/Desktop/cheminformatics/nn_learning_ability_experiment/results/main/checkpoints/n4_d1024_r3.pt
n4_d2048_r3,4,2048,3,3476985878,336741832,532801,1,21,0.9836953445337713,0.8824508339166641,0.9082985785403203,0.7606251963014601,0.0830497437380936,0.8095238095238095,0.19047619047619047,0.4360111546249914,0.09877476901651072,12.76255049998872,mps,success,/Users/niqi/Desktop/cheminformatics/nn_learning_ability_experiment/results/main/checkpoints/n4_d2048_r3.pt
n4_d4096_r3,4,4096,3,3476985878,3573396337,2131025,1,21,0.9968412793241441,0.9287539422512054,0.95030247741771,0.7740712374578833,0.04064575153817407,0.8095238095238095,0.19047619047619047,0.21339019557541386,0.14077866789390048,20.86061991698807,mps,success,/Users/niqi/Desktop/cheminformatics/nn_learning_ability_experiment/results/main/checkpoints/n4_d4096_r3.pt
n4_d64_r4,4,64,4,1963742889,2222535854,529,32,52,0.7908679284155369,0.847618505358696,0.8152242901574858,0.7243165226144099,0.19042693537952804,0.8095238095238095,0.19047619047619047,0.9997414107425222,0.00570048063367623,17.463922875002027,mps,success,/Users/niqi/Desktop/cheminformatics/nn_learning_ability_experiment/results/main/checkpoints/n4_d64_r4.pt
n4_d128_r4,4,128,4,1963742889,819562423,2081,8,28,0.7915754509158432,0.8711313158273697,0.8293347264368516,0.7318774798162919,0.17641431421534348,0.8095238095238095,0.19047619047619047,0.9261751496305534,0.019810916913042043,9.644683666992933,mps,success,/Users/niqi/Desktop/cheminformatics/nn_learning_ability_experiment/results/main/checkpoints/n4_d128_r4.pt
n4_d256_r4,4,256,4,1963742889,1118487214,8257,4,24,0.7839912078343332,0.8736135959625244,0.8470404054335443,0.7376114493846244,0.15883137295660132,0.8095238095238095,0.19047619047619047,0.833864708022157,0.03751659590973477,8.348472999990918,mps,success,/Users/niqi/Desktop/cheminformatics/nn_learning_ability_experiment/results/main/checkpoints/n4_d256_r4.pt
n4_d512_r4,4,512,4,1963742889,2887914635,33361,2,22,0.8214542446658015,0.9032306522130966,0.8664411306202098,0.7443157266900484,0.1395651357567821,0.8095238095238095,0.19047619047619047,0.732716962723106,0.05691732109640024,9.153665499994531,mps,success,/Users/niqi/Desktop/cheminformatics/nn_learning_ability_experiment/results/main/checkpoints/n4_d512_r4.pt
n4_d1024_r4,4,1024,4,1963742889,1879050717,133281,2,22,0.7130736471153796,0.9602368772029877,0.9088129732822885,0.7630348180921671,0.09748701942522775,0.8095238095238095,0.19047619047619047,0.5118068519824457,0.09928916375847896,9.547492790967226,mps,success,/Users/niqi/Desktop/cheminformatics/nn_learning_ability_experiment/results/main/checkpoints/n4_d1024_r4.pt
n4_d2048_r4,4,2048,4,1963742889,822442404,532801,1,21,0.9765254841186106,0.9722693264484406,0.9353959970543811,0.7732313309251864,0.07108827213336966,0.8095238095238095,0.19047619047619047,0.3732134287001907,0.1258721875305716,12.898471209045965,mps,success,/Users/niqi/Desktop/cheminformatics/nn_learning_ability_experiment/results/main/checkpoints/n4_d2048_r4.pt
n4_d4096_r4,4,4096,4,1963742889,3188084480,2131025,2,22,0.7826488884165883,0.9970902055501938,0.9535662213296742,0.7789914286185051,0.05304400587561553,0.8095238095238095,0.19047619047619047,0.27848103084698156,0.14404241180586463,21.936760500015225,mps,success,/Users/niqi/Desktop/cheminformatics/nn_learning_ability_experiment/results/main/checkpoints/n4_d4096_r4.pt
n4_d64_r5,4,64,5,1216741094,2248991697,529,20,40,0.8052086164243519,0.811606839299202,0.8325868320178798,0.7296638110966214,0.18540028476340153,0.8095238095238095,0.19047619047619047,0.9733514950078581,0.023063022494070218,13.949029041978065,mps,success,/Users/niqi/Desktop/cheminformatics/nn_learning_ability_experiment/results/main/checkpoints/n4_d64_r5.pt
n4_d128_r5,4,128,5,1216741094,3039547969,2081,9,29,0.7966853445395827,0.8279304802417755,0.8515111383010641,0.7391206194762034,0.1668848171671028,0.8095238095238095,0.19047619047619047,0.8761452901272897,0.04198732877725453,9.962541084038094,mps,success,/Users/niqi/Desktop/cheminformatics/nn_learning_ability_experiment/results/main/checkpoints/n4_d128_r5.pt
n4_d256_r5,4,256,5,1216741094,91036964,8257,4,24,0.7955542923882604,0.8506071269512177,0.8584588216396971,0.7406966716084398,0.16008723083549115,0.8095238095238095,0.19047619047619047,0.8404579618863286,0.04893501211588758,8.338077082997188,mps,success,/Users/niqi/Desktop/cheminformatics/nn_learning_ability_experiment/results/main/checkpoints/n4_d256_r5.pt
n4_d512_r5,4,512,5,1216741094,2763946449,33361,2,22,0.849749400280416,0.8659194558858871,0.8787913040098347,0.7500131351142372,0.1401940092376608,0.8095238095238095,0.19047619047619047,0.7360185484977192,0.0692674944860252,9.098199707979802,mps,success,/Users/niqi/Desktop/cheminformatics/nn_learning_ability_experiment/results/main/checkpoints/n4_d512_r5.pt
n4_d1024_r5,4,1024,5,1216741094,1442333667,133281,1,21,0.9772709030658007,0.8859101235866547,0.9197140031320716,0.7642674542549699,0.10015539972603293,0.8095238095238095,0.19047619047619047,0.525815848561673,0.1101901936082621,9.14527304196963,mps,success,/Users/niqi/Desktop/cheminformatics/nn_learning_ability_experiment/results/main/checkpoints/n4_d1024_r5.pt
n4_d2048_r5,4,2048,5,1216741094,87517368,532801,1,21,0.9853047030046582,0.9089946448802948,0.9300453229440135,0.7699176824085541,0.09004727664122614,0.8095238095238095,0.19047619047619047,0.4727482023664372,0.12052151342020401,13.153360500000417,mps,success,/Users/niqi/Desktop/cheminformatics/nn_learning_ability_experiment/results/main/checkpoints/n4_d2048_r5.pt
n4_d4096_r5,4,4096,5,1216741094,2204237428,2131025,1,21,0.9790223073214293,0.9405123144388199,0.9639083510359274,0.7821838605974634,0.05691582178279808,0.8095238095238095,0.19047619047619047,0.29880806435968993,0.1543845415121179,21.70219675003318,mps,success,/Users/niqi/Desktop/cheminformatics/nn_learning_ability_experiment/results/main/checkpoints/n4_d4096_r5.pt
n4_d64_r6,4,64,6,309110568,2540513426,529,23,43,0.7980696684680879,0.8257672786712646,0.8143911306520994,0.7195157472559073,0.1793833767394718,0.8095238095238095,0.19047619047619047,0.941762727882227,0.004867321128289914,14.47130204201676,mps,success,/Users/niqi/Desktop/cheminformatics/nn_learning_ability_experiment/results/main/checkpoints/n4_d64_r6.pt
n4_d128_r6,4,128,6,309110568,2128521800,2081,8,28,0.7957805967889726,0.833158478140831,0.8193839157681904,0.7212520196902732,0.17435242501563464,0.8095238095238095,0.19047619047619047,0.9153502313320819,0.009860106244380828,9.624072582984809,mps,success,/Users/niqi/Desktop/cheminformatics/nn_learning_ability_experiment/results/main/checkpoints/n4_d128_r6.pt
n4_d256_r6,4,256,6,309110568,2003814868,8257,4,24,0.7867236766032875,0.8641025722026825,0.8299976117985859,0.7261342293525628,0.16365759415493653,0.8095238095238095,0.19047619047619047,0.8592023693134168,0.020473802274776354,8.340734624944162,mps,success,/Users/niqi/Desktop/cheminformatics/nn_learning_ability_experiment/results/main/checkpoints/n4_d256_r6.pt
n4_d512_r6,4,512,6,309110568,2089196823,33361,2,22,0.8151861857622862,0.886339083313942,0.8610858897872429,0.7401083086996705,0.13233166642091432,0.8095238095238095,0.19047619047619047,0.6947412487098003,0.05156208026343334,9.158809582993854,mps,success,/Users/niqi/Desktop/cheminformatics/nn_learning_ability_experiment/results/main/checkpoints/n4_d512_r6.pt
n4_d1024_r6,4,1024,6,309110568,2182597650,133281,2,22,0.7440355597063899,0.9179772138595581,0.8875276070926768,0.7524287419599078,0.10568781931636617,0.8095238095238095,0.19047619047619047,0.5548610514109225,0.07800379756886722,9.600934416987002,mps,success,/Users/niqi/Desktop/cheminformatics/nn_learning_ability_experiment/results/main/checkpoints/n4_d1024_r6.pt
n4_d2048_r6,4,2048,6,309110568,1915887243,532801,1,21,0.9804293652996421,0.9152159839868546,0.9010592851883135,0.7578646169236594,0.09205270030788881,0.8095238095238095,0.19047619047619047,0.48327667661641627,0.09153547566450393,13.096392333041877,mps,success,/Users/niqi/Desktop/cheminformatics/nn_learning_ability_experiment/results/main/checkpoints/n4_d2048_r6.pt
n4_d4096_r6,4,4096,6,309110568,1681036060,2131025,2,22,0.715092581231147,0.978260338306427,0.9455466409337159,0.7779794033348493,0.047225267547969074,0.8095238095238095,0.19047619047619047,0.24793265462683764,0.13602283140990634,23.24018087500008,mps,success,/Users/niqi/Desktop/cheminformatics/nn_learning_ability_experiment/results/main/checkpoints/n4_d4096_r6.pt
n4_d64_r7,4,64,7,2756226391,3514417475,529,31,51,0.7994885891675949,0.838159441947937,0.8142786443225942,0.721726598686832,0.18884642602872515,0.8095238095238095,0.19047619047619047,0.9914437366508071,0.004754834798784691,17.168004082981497,mps,success,/Users/niqi/Desktop/cheminformatics/nn_learning_ability_experiment/results/main/checkpoints/n4_d64_r7.pt
n4_d128_r7,4,128,7,2756226391,1291964962,2081,11,31,0.7909976467490196,0.8422462344169617,0.8299314033775042,0.7276470931103809,0.17325373974322877,0.8095238095238095,0.19047619047619047,0.9095821336519511,0.020407593853694617,10.68940949998796,mps,success,/Users/niqi/Desktop/cheminformatics/nn_learning_ability_experiment/results/main/checkpoints/n4_d128_r7.pt
n4_d256_r7,4,256,7,2756226391,1903689015,8257,4,24,0.7935773297213018,0.871573880314827,0.8482741373390444,0.7373999610746758,0.15498140224175172,0.8095238095238095,0.19047619047619047,0.8136523617691965,0.03875032781523491,8.31602833402576,mps,success,/Users/niqi/Desktop/cheminformatics/nn_learning_ability_experiment/results/main/checkpoints/n4_d256_r7.pt
n4_d512_r7,4,512,7,2756226391,1372324032,33361,3,23,0.7438843697309494,0.9028340578079224,0.8961047580950818,0.7557898677359098,0.10733434770822559,0.8095238095238095,0.19047619047619047,0.5635053254681843,0.0865809485712723,9.618067875038832,mps,success,/Users/niqi/Desktop/cheminformatics/nn_learning_ability_experiment/results/main/checkpoints/n4_d512_r7.pt
n4_d1024_r7,4,1024,7,2756226391,479377554,133281,1,21,0.9774981318041682,0.9175951033830643,0.894770661335006,0.754115765836179,0.10866332441970405,0.8095238095238095,0.19047619047619047,0.5704824532034464,0.08524685181119651,9.161317791964393,mps,success,/Users/niqi/Desktop/cheminformatics/nn_learning_ability_experiment/results/main/checkpoints/n4_d1024_r7.pt
n4_d2048_r7,4,2048,7,2756226391,215569365,532801,1,21,0.9843852641060948,0.9325358867645264,0.9139805815566386,0.7607223239835186,0.08952712877939795,0.8095238095238095,0.19047619047619047,0.4700174260918392,0.1044567720328291,12.949141541030258,mps,success,/Users/niqi/Desktop/cheminformatics/nn_learning_ability_experiment/results/main/checkpoints/n4_d2048_r7.pt
n4_d4096_r7,4,4096,7,2756226391,655102510,2131025,1,21,0.9864448448643088,0.9708555936813354,0.938055052358763,0.7717677138293659,0.06554505192061477,0.8095238095238095,0.19047619047619047,0.3441115225832276,0.12853124283495343,21.108291833021212,mps,success,/Users/niqi/Desktop/cheminformatics/nn_learning_ability_experiment/results/main/checkpoints/n4_d4096_r7.pt
n4_d64_r8,4,64,8,42130738,3818888213,529,18,38,0.805273081175983,0.8097108453512192,0.8037497561378724,0.7176887788948569,0.17938821629501678,0.8095238095238095,0.19047619047619047,0.9417881355488381,-0.005774053385937172,12.73592320800526,mps,success,/Users/niqi/Desktop/cheminformatics/nn_learning_ability_experiment/results/main/checkpoints/n4_d64_r8.pt
n4_d128_r8,4,128,8,42130738,1765904073,2081,9,29,0.7961153099313378,0.8210620880126953,0.8199193801245129,0.7247959355333968,0.1628793665190923,0.8095238095238095,0.19047619047619047,0.8551166742252346,0.010395570600703397,9.927152584015857,mps,success,/Users/niqi/Desktop/cheminformatics/nn_learning_ability_experiment/results/main/checkpoints/n4_d128_r8.pt
n4_d256_r8,4,256,8,42130738,323421708,8257,4,24,0.7966615315526724,0.8394976407289505,0.8310156151140606,0.7280022732189018,0.15155034138702073,0.8095238095238095,0.19047619047619047,0.7956392922818588,0.0214918055902511,8.323499791964423,mps,success,/Users/niqi/Desktop/cheminformatics/nn_learning_ability_experiment/results/main/checkpoints/n4_d256_r8.pt
n4_d512_r8,4,512,8,42130738,3024661936,33361,3,23,0.7681458033621311,0.8609498292207718,0.8563914817550364,0.7406747478325038,0.12564210934304243,0.8095238095238095,0.19047619047619047,0.6596210740509728,0.0468676722312269,9.554663249989972,mps,success,/Users/niqi/Desktop/cheminformatics/nn_learning_ability_experiment/results/main/checkpoints/n4_d512_r8.pt
n4_d1024_r8,4,1024,8,42130738,1041044585,133281,2,22,0.7313134740106761,0.8871815651655197,0.8838210992714235,0.7524565708718178,0.09763704037154197,0.8095238095238095,0.19047619047619047,0.5125944619505954,0.07429728974761396,9.550522333011031,mps,success,/Users/niqi/Desktop/cheminformatics/nn_learning_ability_experiment/results/main/checkpoints/n4_d1024_r8.pt
n4_d2048_r8,4,2048,8,42130738,1772989757,532801,1,21,0.9925937629304826,0.9366512149572372,0.9154576022026315,0.761746066344589,0.06533682889115022,0.8095238095238095,0.19047619047619047,0.34301835167853867,0.10593379267882197,12.95199174998561,mps,success,/Users/niqi/Desktop/cheminformatics/nn_learning_ability_experiment/results/main/checkpoints/n4_d2048_r8.pt
n4_d4096_r8,4,4096,8,42130738,2361278693,2131025,2,22,0.7523155929520726,0.9492476284503937,0.9287423877532917,0.7680981535203166,0.051773339156174325,0.8095238095238095,0.19047619047619047,0.2718100305699152,0.11921857822948212,23.440113125019707,mps,success,/Users/niqi/Desktop/cheminformatics/nn_learning_ability_experiment/results/main/checkpoints/n4_d4096_r8.pt
n4_d64_r9,4,64,9,2799247539,3895690661,529,19,39,0.8003627760335803,0.8307307660579681,0.7991962906466141,0.7124972456012362,0.17897108405602213,0.8095238095238095,0.19047619047619047,0.9395981912941163,-0.010327518877195407,13.019606457964983,mps,success,/Users/niqi/Desktop/cheminformatics/nn_learning_ability_experiment/results/main/checkpoints/n4_d64_r9.pt
n4_d128_r9,4,128,9,2799247539,97445415,2081,10,30,0.7907913071103394,0.8348447531461716,0.8120758583384027,0.7207137905964576,0.16573966941662155,0.8095238095238095,0.19047619047619047,0.8701332644372631,0.002552048814593144,10.338858207978774,mps,success,/Users/niqi/Desktop/cheminformatics/nn_learning_ability_experiment/results/main/checkpoints/n4_d128_r9.pt
n4_d256_r9,4,256,9,2799247539,618025174,8257,4,24,0.7940132697112858,0.8748666793107986,0.8348720229254175,0.7291942324738425,0.1423207540417588,0.8095238095238095,0.19047619047619047,0.7471839587192338,0.025348213401607977,8.347056541999336,mps,success,/Users/niqi/Desktop/cheminformatics/nn_learning_ability_experiment/results/main/checkpoints/n4_d256_r9.pt
n4_d512_r9,4,512,9,2799247539,2576177941,33361,2,22,0.8126443778164685,0.8901658356189728,0.8520280938177813,0.737266228389041,0.12469600971866002,0.8095238095238095,0.19047619047619047,0.6546540510229651,0.042504284293971795,9.18434650002746,mps,success,/Users/niqi/Desktop/cheminformatics/nn_learning_ability_experiment/results/main/checkpoints/n4_d512_r9.pt
n4_d1024_r9,4,1024,9,2799247539,4250107327,133281,2,22,0.7287360611371696,0.9230959415435791,0.8766518806098085,0.7460884342368761,0.09939954474140567,0.8095238095238095,0.19047619047619047,0.5218476098923798,0.06712807108599894,9.614463999983855,mps,success,/Users/niqi/Desktop/cheminformatics/nn_learning_ability_experiment/results/main/checkpoints/n4_d1024_r9.pt
n4_d2048_r9,4,2048,9,2799247539,2363872533,532801,1,21,0.9916190076619387,0.9483320415019989,0.8965695263086144,0.7554223599510532,0.07893778428576581,0.8095238095238095,0.19047619047619047,0.41442336750027053,0.08704571678480488,12.981910791015252,mps,success,/Users/niqi/Desktop/cheminformatics/nn_learning_ability_experiment/results/main/checkpoints/n4_d2048_r9.pt
n4_d4096_r9,4,4096,9,2799247539,1105515562,2131025,2,22,0.8656025929376483,0.9371757954359055,0.9027505887869185,0.7597493875978021,0.07258786614257973,0.8095238095238095,0.19047619047619047,0.3810862972485436,0.09322677926310896,23.40913595800521,mps,success,/Users/niqi/Desktop/cheminformatics/nn_learning_ability_experiment/results/main/checkpoints/n4_d4096_r9.pt
