n_informative,repeat,r2_slope_per_log2_dimension,intercept
1,0,-0.020969984205763625,0.6062083073236773
1,1,-0.02036687980550348,0.6065172245413242
1,2,-0.021633091098925996,0.6010876773800882
1,3,-0.0203601292720436,0.598766220775604
1,4,-0.02040249409726219,0.6041619803291718
1,5,-0.02281493036665982,0.6247896381443687
1,6,-0.020809105338916126,0.606586221935385
1,7,-0.0214683971095087,0.6044326908336524
1,8,-0.019536093026073627,0.593211382219408
1,9,-0.023396491136022136,0.6190044307176402
4,0,-0.018124088826259134,0.6014049217536032
4,1,-0.019798130471369683,0.6218314237061078
4,2,-0.018943018285295328,0.6008249327062918
4,3,-0.020742294817450904,0.6046166458915777
4,4,-0.019331608852998634,0.5932506392879238
4,5,-0.020876051922458852,0.6225681860099183
4,6,-0.018213375181116306,0.608491162035402
4,7,-0.019231983437004052,0.5975709718264102
4,8,-0.020729102293430834,0.6163537241638324
4,9,-0.019896790036875243,0.6135269415377564
