n_informative,lower_dimension,higher_dimension,repeat_count,delta_r2_mean,delta_r2_std,delta_r2_ci_lower,delta_r2_ci_upper
1,64,128,10,-0.015186022233148471,0.0031878843729538863,-0.017466497334833343,-0.0129055471314636
1,128,256,10,-0.03220172268066528,0.0022064653416166593,-0.033780132900614684,-0.030623312460715885
1,256,512,10,-0.05359740688318191,0.010311621805181206,-0.06097389675345824,-0.04622091701290558
1,512,1024,10,-0.040574933589298354,0.018573010779936852,-0.05386126511572206,-0.027288602062874645
1,1024,2048,10,0.046033030012784276,0.013849943220528111,0.0361253774824331,0.05594068254313545
1,2048,4096,10,-0.015123573751223363,0.0113220819874882,-0.023222903291139234,-0.0070242442113074895
4,64,128,10,-0.01399355161871663,0.003527220025169008,-0.016516772822661646,-0.011470330414771614
4,128,256,10,-0.01371689104016859,0.005140418919256213,-0.01739412521373164,-0.01003965686660554
4,256,512,10,-0.027418905227673058,0.009847452172806847,-0.03446334814588032,-0.020374462309465796
4,512,1024,10,-0.02891142520736898,0.012795898753447221,-0.03806505974897504,-0.01975779066576292
4,1024,2048,10,-0.014730837198536541,0.009862428501329066,-0.02178599353677852,-0.00767568086029456
4,2048,4096,10,-0.027144807752800863,0.013210079168239037,-0.03659472911445336,-0.017694886391148364
