n_informative,total_dim,repeat_count,test_r2_mean,test_r2_std,test_r2_median,test_r2_ci_lower,test_r2_ci_upper,test_mse_mean,test_mse_std,test_mse_median,test_mse_ci_lower,test_mse_ci_upper,test_mae_mean,test_mae_std,test_mae_median,test_mae_ci_lower,test_mae_ci_upper,capture_ratio_mean,capture_ratio_std,capture_ratio_median,capture_ratio_ci_lower,capture_ratio_ci_upper,excess_mse_mean,excess_mse_std,excess_mse_median,excess_mse_ci_lower,excess_mse_ci_upper,best_epoch_mean,best_epoch_std,best_epoch_median,best_epoch_ci_lower,best_epoch_ci_upper,train_seconds_mean,train_seconds_std,train_seconds_median,train_seconds_ci_lower,train_seconds_ci_upper
1,64,10,0.489138408917026,0.004827844913529957,0.48995975130562747,0.48568477671709165,0.4925920411169603,0.5116228851870478,0.007371811347692619,0.5110733658852624,0.5063494090298327,0.5168963613442629,0.5703330511099346,0.004570372885203586,0.5708741244641133,0.5670636033035623,0.5736024989163069,0.9782768178340522,0.00965568982705994,0.979919502611255,0.9713695534341835,0.9851840822339208,0.01162288518704763,0.0073718113476926314,0.01107336588526245,0.006349409029832495,0.016896361344262766,30.9,12.215200002910764,27.5,22.161772319888996,39.638227680111,12.11645044569741,2.949855454603079,11.268312021013116,10.006250974579723,14.226649916815097
1,128,10,0.4739523866838776,0.0061843224063416686,0.474889053319919,0.46952838894164267,0.4783763844261126,0.5268211192111434,0.007684078454973341,0.5245199801753668,0.521324260622222,0.5323179778000647,0.5789786904634648,0.004842560896696101,0.5783419787125392,0.5755145310833442,0.5824428498435855,0.9479047733677552,0.012368644812683365,0.949778106639838,0.9390567778832853,0.9567527688522252,0.02682111921114333,0.007684078454973354,0.02451998017536685,0.021324260622221928,0.03231797780006473,14.6,1.3498971154211057,15.0,13.634341776109773,15.565658223890226,8.389789433212718,0.3213426383519079,8.362119125027675,8.159914757679166,8.619664108746269
1,256,10,0.4417506640032123,0.006683008646414352,0.4420706163814566,0.43696992761521997,0.4465314003912046,0.5590669855355793,0.008014344380612244,0.5578892270802682,0.5533338689359395,0.5648001021352191,0.5966610691781006,0.004553698976082736,0.5967181358320133,0.5934035491677677,0.5999185891884334,0.8835013280064246,0.013366017292828694,0.8841412327629133,0.8739398552304399,0.8930628007824092,0.05906698553557933,0.008014344380612241,0.057889227080268155,0.05333386893593952,0.06480010213521914,7.1,0.9944289260117531,7.0,6.388628400262924,7.811371599737075,6.661517941800412,0.22185165643094434,6.703765291516902,6.502814827267583,6.82022105633324
1,512,10,0.38815325712003046,0.010474861027964903,0.39024584436570864,0.38065999294440767,0.39564652129565325,0.612741294201397,0.01144117402449438,0.6159720053269073,0.6045567713503606,0.6209258170524334,0.6238013166691616,0.0051129987313287,0.6245290758268212,0.620143697716396,0.6274589356219272,0.7763065142400609,0.020949722055929806,0.7804916887314173,0.7613199858888153,0.7912930425913065,0.112741294201397,0.011441174024494368,0.11597200532690735,0.10455677135036055,0.12092581705243345,3.8,0.6324555320336759,4.0,3.34756856742918,4.25243143257082,6.647907141491305,0.17363003026199994,6.639148645510431,6.523699700256419,6.772114582726191
1,1024,10,0.34757832353073204,0.01278027114161455,0.3515666343047128,0.3384358683091746,0.35672077875228947,0.6534100798464308,0.01546422497645136,0.6511860157919173,0.642347639713769,0.6644725199790927,0.6442793117547831,0.008574823343475846,0.6431342589498303,0.6381452526583977,0.6504133708511686,0.6951566470614641,0.025560542283229095,0.7031332686094257,0.6768717366183492,0.7134415575045789,0.15341007984643082,0.015464224976451347,0.15118601579191726,0.142347639713769,0.16447251997909265,2.1,0.31622776601683794,2.0,1.8737842837145902,2.32621571628541,6.587032958207419,0.10443344111726031,6.6025079374958295,6.51232577488806,6.661740141526778
1,2048,10,0.3936113535435163,0.010502654837798896,0.3950359198014019,0.38609820687408497,0.4011245002129476,0.6073018041209514,0.01286317783815047,0.6060859573445418,0.5981000410214743,0.6165035672204284,0.6211920166749964,0.0064679746572087245,0.6216255454806074,0.6165651063362045,0.6258189270137882,0.7872227070870326,0.021005309675597782,0.7900718396028038,0.77219641374817,0.8022490004258951,0.10730180412095125,0.01286317783815047,0.10608595734454175,0.09810004102147414,0.11650356722042836,86.6,27.01110882581461,84.0,67.27741676305092,105.92258323694907,36.69432464579586,9.347082714437375,35.59356327098794,30.007824475178843,43.380824816412876
1,4096,10,0.3784877797922929,0.014444831120963385,0.38390324517586594,0.3681545700940765,0.38882098949050936,0.6223949166758533,0.013955261105672027,0.619508486562999,0.6124119242690403,0.6323779090826663,0.6292734468537795,0.0070361690240870935,0.6285169328583395,0.6242400747506975,0.6343068189568615,0.756975559584586,0.02888966224192679,0.7678064903517319,0.7363091401881531,0.7776419789810188,0.12239491667585338,0.013955261105672039,0.11950848656299885,0.11241192426904041,0.13237790908266636,111.0,22.715633383201094,108.0,94.75021478542781,127.24978521457219,61.50499682070804,10.868968505020721,59.74026300001424,53.729805139671704,69.28018850174438
4,64,10,0.18342297302763133,0.007871884034807184,0.1838833408767284,0.17779176642019265,0.18905417963507,0.814345854594053,0.010015428814291733,0.8143348874873468,0.8071812484253148,0.8215104607627911,0.7206115010318468,0.005066828346490489,0.7202773060641312,0.7169869103827273,0.7242360916809663,0.9629706083950648,0.04132739118273774,0.9653875396028242,0.9334067737060117,0.9925344430841179,0.0048220450702434105,0.010015428814291693,0.00481107796353725,-0.0023425610984947626,0.011986651238981584,27.2,10.768266135063506,21.5,19.49684645476195,34.90315354523805,15.153239999897778,4.44163425807553,14.210165541997412,11.975886259509052,18.330593740286506
4,128,10,0.1694294214089147,0.008107162380770496,0.16908972355173096,0.16362990681186165,0.17522893600596776,0.8283161785598641,0.011554919483028487,0.8263002806832274,0.8200502871095404,0.8365820700101877,0.7270971726906449,0.005692926148641949,0.7263545896784553,0.7230246986549322,0.7311696467263575,0.8895044623968025,0.042562602499045143,0.8877210486465876,0.8590570107622739,0.919951914031331,0.018792369036054506,0.011554919483028489,0.01677647115941785,0.010526477585730859,0.027058260486378154,9.5,1.5811388300841898,9.5,8.36892141857295,10.63107858142705,9.584980270906817,1.1219246362828783,9.785918125504395,8.782403734343404,10.38755680747023
4,256,10,0.15571253036874613,0.008109182985434523,0.1569063875991765,0.1499115703181924,0.16151349041929985,0.8419767207621224,0.00997352459973186,0.8422542433510447,0.8348420910626596,0.8491113504615851,0.7328852354497448,0.004802217974813903,0.7327420922015666,0.7294499356574004,0.7363205352420893,0.8174907844359174,0.04257321067353128,0.8237585348956767,0.7870357441705103,0.8479458247013245,0.03245291123831284,0.009973524599731859,0.032730433827235096,0.025318281538850063,0.03958754093777562,4.1,0.31622776601683794,4.0,3.8737842837145897,4.326215716285409,8.13861697918619,0.7754959797386543,8.343895583471749,7.583860574513951,8.69337338385843
4,512,10,0.12829362514107306,0.009360363777336948,0.12850746093739623,0.12159762427039197,0.13498962601175415,0.8693469624176261,0.013228492060343568,0.8659118173140301,0.8598838692664474,0.8788100555688048,0.7442088985059622,0.00543015667853121,0.7429658092364976,0.7403243984253761,0.7480933985865482,0.6735415319906337,0.049141909831018904,0.6746641699213305,0.6383875274195581,0.7086955365617094,0.05982315289381658,0.013228492060343586,0.056388007790220546,0.050360059742637873,0.06928624604499528,2.2,0.4216370213557839,2.0,1.898379044952787,2.5016209550472133,8.772216499905335,0.970496856145813,9.125932603987167,8.077964871621456,9.466468128189215
4,1024,10,0.09938219993370408,0.006419188262668925,0.09956146477786496,0.09479018927916456,0.10397421058824359,0.8981950851464745,0.012792384838280466,0.900470371404842,0.8890439643083501,0.9073462059845989,0.7561341841264045,0.005387504515499111,0.7558130612772663,0.7522801955651989,0.7599881726876102,0.5217565496519466,0.03370073837901195,0.5226976900837912,0.49764849371561415,0.5458646055882791,0.08867127562266504,0.012792384838280489,0.0909465618810324,0.07952015478454055,0.09782239646078952,1.5,0.5270462766947299,1.5,1.1229738061909835,1.8770261938090165,8.952508287591627,0.9046122019166761,9.153295416967012,8.305387701709215,9.599628873474039
4,2048,10,0.08465136273516755,0.009871330532777839,0.089787202710312,0.07758983826725135,0.09171288720308374,0.9128511860250624,0.01236081452227698,0.912654060242664,0.9040087919929106,0.9216935800572142,0.7618948194960791,0.005493596989152767,0.7606737601424893,0.7579649369511718,0.7658247020409863,0.44441965435962977,0.0518244852970837,0.4713828142291382,0.40734665090306976,0.4814926578161898,0.10332737650125282,0.01236081452227701,0.1031302507188546,0.09448498246910099,0.11216977053340464,1.0,0.0,1.0,1.0,1.0,12.363022058206843,1.7757707314649545,12.923806375038112,11.092712202001422,13.633331914412263
4,4096,10,0.057506554982366676,0.010532289863093963,0.05660998925223905,0.049972208692931425,0.06504090127180193,0.9399798904316754,0.016964785358219787,0.9418008466462395,0.927844014067063,0.9521157667962878,0.7726829140697129,0.006802763960100888,0.7729194756436246,0.7678165098910461,0.7775493182483797,0.3019094136574253,0.055294521781243326,0.2972024435742552,0.2623540956378902,0.3414647316769604,0.13045608090786576,0.016964785358219776,0.13227703712242983,0.11832020454325337,0.14259195727247814,9.2,20.927387690668787,2.0,-5.770551308815293,24.17055130881529,27.2830387291091,19.68762571561519,21.819478625024203,13.199359710930143,41.366717747288064
